股票代码,股票名称,评分,趋势预测,板块
000401,金隅冀东,85,强烈看多,深证主板
000586,汇源通信,85,强烈看多,深证主板
000815,美利云,85,强烈看多,深证主板
000818,航锦科技,85,强烈看多,深证主板
000962,东方钽业,85,强烈看多,深证主板
001218,丽臣实业,85,强烈看多,深证主板
001259,利仁科技,85,强烈看多,深证主板
002137,实益达,85,强烈看多,深证主板
002150,正泰电源,85,强烈看多,深证主板
002169,智光电气,85,强烈看多,深证主板
002181,粤 传 媒,85,强烈看多,深证主板
002188,中天服务,85,强烈看多,深证主板
002283,天润工业,85,强烈看多,深证主板
002291,遥望科技,85,强烈看多,深证主板
002350,北京科锐,85,强烈看多,深证主板
002395,双象股份,85,强烈看多,深证主板
002400,省广集团,85,强烈看多,深证主板
002440,闰土股份,85,强烈看多,深证主板
002562,兄弟科技,85,强烈看多,深证主板
002624,完美世界,85,强烈看多,深证主板
002700,万憬能源,85,强烈看多,深证主板
002809,红墙股份,85,强烈看多,深证主板
002837,英维克,85,强烈看多,深证主板
002931,锋龙股份,85,强烈看多,深证主板
002943,宇晶股份,85,强烈看多,深证主板
003026,中晶科技,85,强烈看多,其他
003041,真爱美家,85,强烈看多,其他
300107,建新股份,85,强烈看多,创业板
300179,四方达,85,强烈看多,创业板
300189,神农种业,85,强烈看多,创业板
300227,光韵达,85,强烈看多,创业板
300286,安科瑞,85,强烈看多,创业板
300398,飞凯材料,85,强烈看多,创业板
300436,广生堂,85,强烈看多,创业板
300480,光力科技,85,强烈看多,创业板
300541,先进数通,85,强烈看多,创业板
300548,长芯博创,85,强烈看多,创业板
300656,民德电子,85,强烈看多,创业板
300721,怡达股份,85,强烈看多,创业板
300724,捷佳伟创,85,强烈看多,创业板
300738,奥飞数据,85,强烈看多,创业板
300781,因赛集团,85,强烈看多,创业板
300805,电声股份,85,强烈看多,创业板
300828,锐新科技,85,强烈看多,创业板
300833,浩洋股份,85,强烈看多,创业板
300835,龙磁科技,85,强烈看多,创业板
300863,卡倍亿,85,强烈看多,创业板
300903,科翔股份,85,强烈看多,创业板
300921,南凌科技,85,强烈看多,创业板
300975,商络电子,85,强烈看多,创业板
300977,深圳瑞捷,85,强烈看多,创业板
301071,力量钻石,82,强烈看多,创业板
301205,联特科技,85,强烈看多,创业板
301218,华是科技,85,强烈看多,创业板
301262,海看股份,85,强烈看多,创业板
301281,科源制药,85,强烈看多,创业板
301336,趣睡科技,85,强烈看多,创业板
301338,凯格精机,85,强烈看多,创业板
301588,美新科技,85,强烈看多,创业板
600088,中视传媒,85,强烈看多,上证主板
600172,黄河旋风,85,强烈看多,上证主板
600331,宏达股份,85,强烈看多,上证主板
600356,恒丰纸业,85,强烈看多,上证主板
600487,亨通光电,85,强烈看多,上证主板
600522,中天科技,85,强烈看多,上证主板
600590,泰豪科技,85,强烈看多,上证主板
600610,中毅达,85,强烈看多,上证主板
600661,昂立教育,85,强烈看多,上证主板
600710,苏美达,85,强烈看多,上证主板
600763,通策医疗,85,强烈看多,上证主板
601002,晋亿实业,85,强烈看多,上证主板
601226,华电科工,85,强烈看多,上证主板
601615,明阳智能,85,强烈看多,上证主板
601619,嘉泽新能,85,强烈看多,上证主板
601872,招商轮船,85,强烈看多,上证主板
603002,宏昌电子,85,强烈看多,上证主板
603009,北特科技,85,强烈看多,上证主板
603010,万盛股份,85,强烈看多,上证主板
603012,创力集团,85,强烈看多,上证主板
603060,国检集团,85,强烈看多,上证主板
603120,肯特催化,85,强烈看多,上证主板
603150,万朗磁塑,85,强烈看多,上证主板
603163,圣晖集成,85,强烈看多,上证主板
603212,赛伍技术,85,强烈看多,上证主板
603220,中贝通信,85,强烈看多,上证主板
603255,鼎际得,85,强烈看多,上证主板
603256,宏和科技,85,强烈看多,上证主板
603271,永杰新材,85,强烈看多,上证主板
603331,百达精工,85,强烈看多,上证主板
603353,和顺石油,85,强烈看多,上证主板
603876,鼎胜新材,85,强烈看多,上证主板
603881,数据港,85,强烈看多,上证主板
603887,城地香江,85,强烈看多,上证主板
603926,铁流股份,85,强烈看多,上证主板
603960,克来机电,85,强烈看多,上证主板
688017,绿的谐波,85,强烈看多,科创板
688027,国盾量子,85,强烈看多,科创板
688200,华峰测控,85,强烈看多,科创板
688275,万润新能,85,强烈看多,科创板
688309,恒誉环保,85,强烈看多,科创板
688313,仕佳光子,85,强烈看多,科创板
688326,经纬恒润,85,强烈看多,科创板
688365,光云科技,85,强烈看多,科创板
688435,英方软件,85,强烈看多,科创板
688521,芯原股份,85,强烈看多,科创板
688545,兴福电子,85,强烈看多,科创板
688563,航材股份,85,强烈看多,科创板
688576,西山科技,85,强烈看多,科创板
688593,新相微,85,强烈看多,科创板
688601,力芯微,85,强烈看多,科创板
688625,呈和科技,85,强烈看多,科创板
688700,东威科技,85,强烈看多,科创板
688726,拉普拉斯,85,强烈看多,科创板
688766,普冉股份,85,强烈看多,科创板
688796,百奥赛图,85,强烈看多,科创板
